{
  "version": 1,
  "author": "Anonymous maker",
  "editor": "wokwi",
  "parts": [
    { "type": "wokwi-arduino-uno", "id": "uno", "top": 269.4, "left": 220.2, "attrs": {} },
    { "type": "wokwi-ds1307", "id": "rtc1", "top": 200, "left": -300, "attrs": {} },
    { "type": "wokwi-relay-module", "id": "relay1", "top": -75, "left": -280, "attrs": {} },
    {
      "type": "wokwi-led",
      "id": "led1",
      "top": 25.2,
      "left": -101.8,
      "attrs": { "color": "red" }
    },
    {
      "type": "wokwi-pushbutton",
      "id": "btn1",
      "top": -166.6,
      "left": -163.2,
      "attrs": { "color": "red", "label": "PROG" }
    },
    {
      "type": "wokwi-pushbutton",
      "id": "btn2",
      "top": -165,
      "left": -75,
      "attrs": { "color": "green", "label": "WEEK" }
    },
    {
      "type": "wokwi-pushbutton",
      "id": "btn3",
      "top": -165,
      "left": 20,
      "attrs": { "color": "blue", "label": "HOUR" }
    },
    {
      "type": "wokwi-pushbutton",
      "id": "btn4",
      "top": -175,
      "left": 125,
      "attrs": { "color": "yellow", "label": "MODE" }
    },
    {
      "type": "wokwi-pushbutton",
      "id": "btn5",
      "top": -175,
      "left": 230,
      "attrs": { "color": "black", "label": "RESET" }
    },
    {
      "type": "wokwi-lcd2004",
      "id": "lcd2",
      "top": 352,
      "left": -292,
      "attrs": { "pins": "i2c" }
    }
  ],
  "connections": [
    [ "rtc1:SDA", "uno:A4", "green", [] ],
    [ "rtc1:GND", "uno:GND.2", "black", [] ],
    [ "rtc1:5V", "uno:5V", "red", [] ],
    [ "rtc1:SCL", "uno:A5", "green", [] ],
    [ "btn1:1.r", "uno:2", "green", [] ],
    [ "btn2:1.r", "uno:3", "green", [] ],
    [ "btn3:1.r", "uno:4", "green", [] ],
    [ "btn4:1.r", "uno:5", "green", [] ],
    [ "btn5:1.r", "uno:8", "green", [] ],
    [ "btn1:2.r", "uno:GND", "black", [] ],
    [ "btn2:2.r", "uno:GND", "black", [] ],
    [ "btn3:2.r", "uno:GND", "black", [] ],
    [ "btn4:2.r", "uno:GND", "black", [] ],
    [ "btn5:2.r", "uno:GND", "black", [] ],
    [ "relay1:VCC", "uno:5V", "red", [] ],
    [ "relay1:GND", "uno:GND.2", "black", [] ],
    [ "relay1:IN", "uno:7", "green", [] ],
    [ "led1:A", "uno:6", "green", [] ],
    [ "led1:C", "uno:GND", "black", [] ],
    [ "lcd2:SDA", "uno:A4", "green", [] ],
    [ "lcd2:SCL", "uno:A5", "green", [] ],
    [ "lcd2:GND", "uno:GND.2", "black", [] ],
    [ "lcd2:VCC", "uno:5V", "red", [] ]
  ],
  "dependencies": {}
}